Barcode,Applicant Started to Submitted,Submitted to Approved,Approved to First Payment,
MEAN,2.644894895,2.06095679,1.5,6.205851685
50th,2.416666667,1.6875,1.041666667,5.145833334
5th,0.770833333,1.5,0.55,2.820833333
25th,1.5625,1.7,0.71,3.9725
75th,2.8,4.2,2.052083333,9.052083333
95th,3,12,2.5,17.5